{
  "swagger" : "2.0",
  "basePath" : "/customerdb/v1",
  "info" : {
    "title" : "Customer Database",
    "description" : "This is the customer database sample Swagger document included with IBM Integration Bus",
    "version" : "1.0.0"
  },
  "definitions" : {
    "Customer" : {
      "properties" : {
        "id" : {
          "type" : "integer"
        },
        "firstname" : {
          "type" : "string"
        },
        "lastname" : {
          "type" : "string"
        },
        "address" : {
          "type" : "string"
        }
      },
      "required" : [ "firstname", "lastname", "address" ]
    }
  },
  "tags" : [ {
    "name" : "customers",
    "description" : "Operations on customers in the customer database"
  } ],
  "paths" : {
    "/customers" : {
      "post" : {
        "operationId" : "addCustomer",
        "summary" : "Add a customer to the database",
        "parameters" : [ {
          "name" : "body",
          "in" : "body",
          "description" : "The customer to add to the system of record",
          "required" : true,
          "schema" : {
            "$ref" : "#/definitions/Customer"
          }
        } ],
        "responses" : {
          "200" : {
            "description" : "If the customer was successfully added to the system of record"
          }
        },
        "tags" : [ "customers" ]
      }
    }
  }
}