{
  "swagger" : "2.0",
  "info" : {
    "title" : "CustomerDetailRetriever",
    "version" : "1.0.0",
    "description" : "CustomerDetailRetriever"
  },
  "paths" : {
    "/customers/{customer_number}" : {
      "get" : {
        "operationId" : "getCustomer",
        "responses" : {
          "200" : {
            "description" : "The operation was successful.",
            "schema" : {
              "$ref" : "#/definitions/CustomerDetails"
            }
          }
        },
        "produces" : [ "application/json" ],
        "description" : "Retrieve customer",
        "parameters" : [ {
          "required" : true,
          "name" : "customer_number",
          "in" : "path",
          "type" : "string",
          "description" : "The customer number"
        } ]
      }
    }
  },
  "basePath" : "/customerdetailretriever/v1",
  "definitions" : {
    "CustomerDetails" : {
      "type" : "object",
      "properties" : {
        "customer" : {
          "type" : "object",
          "properties" : {
            "first_name" : {
              "type" : "string"
            },
            "last_name" : {
              "type" : "string"
            },
            "address" : {
              "type" : "string"
            },
            "customer_number" : {
              "type" : "string"
            }
          }
        },
        "last_updated" : {
          "type" : "string"
        }
      }
    }
  }
}